192.168.0.0-192.168.0.255	50000	Probe1	
192.168.1.0-192.168.1.255	1	Probe1	
192.168.2.0-192.168.2.255	2	Probe1	
192.168.3.0-192.168.3.255	3	Probe1	
192.168.4.0-192.168.4.255	4	Probe1	
192.168.5.0-192.168.5.255	5	Probe1	
192.168.6.0-192.168.6.255	6	Probe1	
192.168.7.0-192.168.7.255	7	Probe1	
192.168.8.0-192.168.8.255	8	Probe1	
192.168.9.0-192.168.9.255	9	Probe1	
192.168.10.0-192.168.10.255	10	Probe1	
192.168.11.0-192.168.11.255	11	Probe1	
192.168.12.0-192.168.12.255	12	Probe1	
192.168.13.0-192.168.13.255	13	Probe1	
192.168.14.0-192.168.14.255	14	Probe1	
192.168.15.0-192.168.15.255	15	Probe1	
192.168.16.0-192.168.16.255	16	Probe1	
192.168.17.0-192.168.17.255	17	Probe1	
192.168.18.0-192.168.18.255	18	Probe1	
192.168.19.0-192.168.19.255	19	Probe1	
192.168.20.0-192.168.20.255	20	Probe1	
192.168.21.0-192.168.21.255	21	Probe1	
192.168.22.0-192.168.22.255	22	Probe1	
192.168.23.0-192.168.23.255	23	Probe1	
192.168.24.0-192.168.24.255	24	Probe1	
192.168.25.0-192.168.25.255	25	Probe1	
192.168.26.0-192.168.26.255	26	Probe1	
192.168.27.0-192.168.27.255	27	Probe1	
192.168.28.0-192.168.28.255	28	Probe1	
192.168.29.0-192.168.29.255	29	Probe1	
192.168.30.0-192.168.30.255	30	Probe1	
192.168.31.0-192.168.31.255	31	Probe1	
192.168.32.0-192.168.32.255	32	Probe1	
192.168.33.0-192.168.33.255	33	Probe1	
192.168.34.0-192.168.34.255	34	Probe1	
192.168.35.0-192.168.35.255	35	Probe1	
192.168.36.0-192.168.36.255	36	Probe1	
192.168.37.0-192.168.37.255	37	Probe1	
192.168.38.0-192.168.38.255	38	Probe1	
192.168.39.0-192.168.39.255	39	Probe1	
192.168.40.0-192.168.40.255	40	Probe1	
192.168.41.0-192.168.41.255	41	Probe1	
192.168.42.0-192.168.42.255	42	Probe1	
192.168.43.0-192.168.43.255	43	Probe1	
192.168.44.0-192.168.44.255	44	Probe1	
192.168.45.0-192.168.45.255	45	Probe1	
192.168.46.0-192.168.46.255	46	Probe1	
192.168.47.0-192.168.47.255	47	Probe1	
192.168.48.0-192.168.48.255	48	Probe1	
192.168.49.0-192.168.49.255	49	Probe1	
192.168.50.0-192.168.50.255	50	Probe1	
192.168.51.0-192.168.51.255	51	Probe1	
192.168.52.0-192.168.52.255	52	Probe1	
192.168.53.0-192.168.53.255	53	Probe1	
192.168.54.0-192.168.54.255	54	Probe1	
192.168.55.0-192.168.55.255	55	Probe1	
192.168.56.0-192.168.56.255	56	Probe1	
192.168.57.0-192.168.57.255	57	Probe1	
192.168.58.0-192.168.58.255	58	Probe1	
192.168.59.0-192.168.59.255	59	Probe1	
192.168.60.0-192.168.60.255	60	Probe1	
192.168.61.0-192.168.61.255	61	Probe1	
192.168.62.0-192.168.62.255	62	Probe1	
192.168.63.0-192.168.63.255	63	Probe1	
192.168.64.0-192.168.64.255	64	Probe1	
192.168.65.0-192.168.65.255	65	Probe1	
192.168.66.0-192.168.66.255	66	Probe1	
192.168.67.0-192.168.67.255	67	Probe1	
192.168.68.0-192.168.68.255	68	Probe1	
192.168.69.0-192.168.69.255	69	Probe1	
192.168.70.0-192.168.70.255	70	Probe1	
192.168.71.0-192.168.71.255	71	Probe1	
192.168.72.0-192.168.72.255	72	Probe1	
192.168.73.0-192.168.73.255	73	Probe1	
192.168.74.0-192.168.74.255	74	Probe1	
192.168.75.0-192.168.75.255	75	Probe1	
192.168.76.0-192.168.76.255	76	Probe1	
192.168.77.0-192.168.77.255	77	Probe1	
192.168.78.0-192.168.78.255	78	Probe1	
192.168.79.0-192.168.79.255	79	Probe1	
192.168.80.0-192.168.80.255	80	Probe1	
192.168.81.0-192.168.81.255	81	Probe1	
192.168.82.0-192.168.82.255	82	Probe1	
192.168.83.0-192.168.83.255	83	Probe1	
192.168.84.0-192.168.84.255	84	Probe1	
192.168.85.0-192.168.85.255	85	Probe2	
192.168.86.0-192.168.86.255	86	Probe2	
192.168.87.0-192.168.87.255	87	Probe2	
192.168.88.0-192.168.88.255	88	Probe2	
192.168.89.0-192.168.89.255	89	Probe2	
192.168.90.0-192.168.90.255	90	Probe2	
192.168.91.0-192.168.91.255	91	Probe2	
192.168.92.0-192.168.92.255	92	Probe2	
192.168.93.0-192.168.93.255	93	Probe2	
192.168.94.0-192.168.94.255	94	Probe2	
192.168.95.0-192.168.95.255	95	Probe2	
192.168.96.0-192.168.96.255	96	Probe2	
192.168.97.0-192.168.97.255	97	Probe2	
192.168.98.0-192.168.98.255	98	Probe2	
192.168.99.0-192.168.99.255	99	Probe2	
192.168.100.0-192.168.100.255	100	Probe2	
192.168.101.0-192.168.101.255	101	Probe2	
192.168.102.0-192.168.102.255	102	Probe2	
192.168.103.0-192.168.103.255	103	Probe2	
192.168.104.0-192.168.104.255	104	Probe2	
192.168.105.0-192.168.105.255	105	Probe2	
192.168.106.0-192.168.106.255	106	Probe2	
192.168.107.0-192.168.107.255	107	Probe2	
192.168.108.0-192.168.108.255	108	Probe2	
192.168.109.0-192.168.109.255	109	Probe2	
192.168.110.0-192.168.110.255	110	Probe2	
192.168.111.0-192.168.111.255	111	Probe2	
192.168.112.0-192.168.112.255	112	Probe2	
192.168.113.0-192.168.113.255	113	Probe2	
192.168.114.0-192.168.114.255	114	Probe2	
192.168.115.0-192.168.115.255	115	Probe2	
192.168.116.0-192.168.116.255	116	Probe2	
192.168.117.0-192.168.117.255	117	Probe2	
192.168.118.0-192.168.118.255	118	Probe2	
192.168.119.0-192.168.119.255	119	Probe2	
192.168.120.0-192.168.120.255	120	Probe2	
192.168.121.0-192.168.121.255	121	Probe2	
192.168.122.0-192.168.122.255	122	Probe2	
192.168.123.0-192.168.123.255	123	Probe2	
192.168.124.0-192.168.124.255	124	Probe2	
192.168.125.0-192.168.125.255	125	Probe2	
192.168.126.0-192.168.126.255	126	Probe2	
192.168.127.0-192.168.127.255	127	Probe2	
192.168.128.0-192.168.128.255	128	Probe2	
192.168.129.0-192.168.129.255	129	Probe2	
192.168.130.0-192.168.130.255	130	Probe2	
192.168.131.0-192.168.131.255	131	Probe2	
192.168.132.0-192.168.132.255	132	Probe2	
192.168.133.0-192.168.133.255	133	Probe2	
192.168.134.0-192.168.134.255	134	Probe2	
192.168.135.0-192.168.135.255	135	Probe2	
192.168.136.0-192.168.136.255	136	Probe2	
192.168.137.0-192.168.137.255	137	Probe2	
192.168.138.0-192.168.138.255	138	Probe2	
192.168.139.0-192.168.139.255	139	Probe2	
192.168.140.0-192.168.140.255	140	Probe2	
192.168.141.0-192.168.141.255	141	Probe2	
192.168.142.0-192.168.142.255	142	Probe2	
192.168.143.0-192.168.143.255	143	Probe2	
192.168.144.0-192.168.144.255	144	Probe2	
192.168.145.0-192.168.145.255	145	Probe2	
192.168.146.0-192.168.146.255	146	Probe2	
192.168.147.0-192.168.147.255	147	Probe2	
192.168.148.0-192.168.148.255	148	Probe2	
192.168.149.0-192.168.149.255	149	Probe2	
192.168.150.0-192.168.150.255	150	Probe2	
192.168.151.0-192.168.151.255	151	Probe2	
192.168.152.0-192.168.152.255	152	Probe2	
192.168.153.0-192.168.153.255	153	Probe2	
192.168.154.0-192.168.154.255	154	Probe2	
192.168.155.0-192.168.155.255	155	Probe2	
192.168.156.0-192.168.156.255	156	Probe2	
192.168.157.0-192.168.157.255	157	Probe2	
192.168.158.0-192.168.158.255	158	Probe2	
192.168.159.0-192.168.159.255	159	Probe2	
192.168.160.0-192.168.160.255	160	Probe2	
192.168.161.0-192.168.161.255	161	Probe2	
192.168.162.0-192.168.162.255	162	Probe2	
192.168.163.0-192.168.163.255	163	Probe2	
192.168.164.0-192.168.164.255	164	Probe2	
192.168.165.0-192.168.165.255	165	Probe2	
192.168.166.0-192.168.166.255	166	Probe2	
192.168.167.0-192.168.167.255	167	Probe2	
192.168.168.0-192.168.168.255	168	Probe2	
192.168.169.0-192.168.169.255	169	Probe2	
192.168.170.0-192.168.170.255	170	Probe2	
192.168.171.0-192.168.171.255	171	Probe3	
192.168.172.0-192.168.172.255	172	Probe3	
192.168.173.0-192.168.173.255	173	Probe3	
192.168.174.0-192.168.174.255	174	Probe3	
192.168.175.0-192.168.175.255	175	Probe3	
192.168.176.0-192.168.176.255	176	Probe3	
192.168.177.0-192.168.177.255	177	Probe3	
192.168.178.0-192.168.178.255	178	Probe3	
192.168.179.0-192.168.179.255	179	Probe3	
192.168.180.0-192.168.180.255	180	Probe3	
192.168.181.0-192.168.181.255	181	Probe3	
192.168.182.0-192.168.182.255	182	Probe3	
192.168.183.0-192.168.183.255	183	Probe3	
192.168.184.0-192.168.184.255	184	Probe3	
192.168.185.0-192.168.185.255	185	Probe3	
192.168.186.0-192.168.186.255	186	Probe3	
192.168.187.0-192.168.187.255	187	Probe3	
192.168.188.0-192.168.188.255	188	Probe3	
192.168.189.0-192.168.189.255	189	Probe3	
192.168.190.0-192.168.190.255	190	Probe3	
192.168.191.0-192.168.191.255	191	Probe3	
192.168.192.0-192.168.192.255	192	Probe3	
192.168.193.0-192.168.193.255	193	Probe3	
192.168.194.0-192.168.194.255	194	Probe3	
192.168.195.0-192.168.195.255	195	Probe3	
192.168.196.0-192.168.196.255	196	Probe3	
192.168.197.0-192.168.197.255	197	Probe3	
192.168.198.0-192.168.198.255	198	Probe3	
192.168.199.0-192.168.199.255	199	Probe3	
192.168.200.0-192.168.200.255	200	Probe3	
192.168.201.0-192.168.201.255	201	Probe3	
192.168.202.0-192.168.202.255	202	Probe3	
192.168.203.0-192.168.203.255	203	Probe3	
192.168.204.0-192.168.204.255	204	Probe3	
192.168.205.0-192.168.205.255	205	Probe3	
192.168.206.0-192.168.206.255	206	Probe3	
192.168.207.0-192.168.207.255	207	Probe3	
192.168.208.0-192.168.208.255	208	Probe3	
192.168.209.0-192.168.209.255	209	Probe3	
192.168.210.0-192.168.210.255	210	Probe3	
192.168.211.0-192.168.211.255	211	Probe3	
192.168.212.0-192.168.212.255	212	Probe3	
192.168.213.0-192.168.213.255	213	Probe3	
192.168.214.0-192.168.214.255	214	Probe3	
192.168.215.0-192.168.215.255	215	Probe3	
192.168.216.0-192.168.216.255	216	Probe3	
192.168.217.0-192.168.217.255	217	Probe3	
192.168.218.0-192.168.218.255	218	Probe3	
192.168.219.0-192.168.219.255	219	Probe3	
192.168.220.0-192.168.220.255	220	Probe3	
192.168.221.0-192.168.221.255	221	Probe3	
192.168.222.0-192.168.222.255	222	Probe3	
192.168.223.0-192.168.223.255	223	Probe3	
192.168.224.0-192.168.224.255	224	Probe3	
192.168.225.0-192.168.225.255	225	Probe3	
192.168.226.0-192.168.226.255	226	Probe3	
192.168.227.0-192.168.227.255	227	Probe3	
192.168.228.0-192.168.228.255	228	Probe3	
192.168.229.0-192.168.229.255	229	Probe3	
192.168.230.0-192.168.230.255	230	Probe3	
192.168.231.0-192.168.231.255	231	Probe3	
192.168.232.0-192.168.232.255	232	Probe3	
192.168.233.0-192.168.233.255	233	Probe3	
192.168.234.0-192.168.234.255	234	Probe3	
192.168.235.0-192.168.235.255	235	Probe3	
192.168.236.0-192.168.236.255	236	Probe3	
192.168.237.0-192.168.237.255	237	Probe3	
192.168.238.0-192.168.238.255	238	Probe3	
192.168.239.0-192.168.239.255	239	Probe3	
192.168.240.0-192.168.240.255	240	Probe3	
192.168.241.0-192.168.241.255	241	Probe3	
192.168.242.0-192.168.242.255	242	Probe3	
192.168.243.0-192.168.243.255	243	Probe3	
192.168.244.0-192.168.244.255	244	Probe3	
192.168.245.0-192.168.245.255	245	Probe3	
192.168.246.0-192.168.246.255	246	Probe3	
192.168.247.0-192.168.247.255	247	Probe3	
192.168.248.0-192.168.248.255	248	Probe3	
192.168.249.0-192.168.249.255	249	Probe3	
192.168.250.0-192.168.250.255	250	Probe3	
192.168.251.0-192.168.251.255	251	Probe3	
192.168.252.0-192.168.252.255	252	Probe3	
192.168.253.0-192.168.253.255	253	Probe3	
192.168.254.0-192.168.254.255	254	Probe3	
192.168.255.0-192.168.255.255	255	Probe3	
